ds,y
2015-01-02,315.03
2015-01-03,281.08
2015-01-04,264.20
2015-01-05,274.47
2015-01-06,286.19
2015-01-07,294.34
2015-01-08,283.35
2015-01-09,290.41
2015-01-10,274.80
2015-01-11,265.66
2015-01-12,267.80
2015-01-13,225.86
2015-01-14,178.10
2015-01-15,209.84
2015-01-16,208.10
2015-01-17,199.26
2015-01-18,210.34
2015-01-19,214.86
2015-01-20,211.32
2015-01-21,226.90
2015-01-22,233.41
2015-01-23,232.88
2015-01-24,247.85
2015-01-25,253.72
2015-01-26,273.47
2015-01-27,263.48
2015-01-28,233.91
2015-01-29,233.51
2015-01-30,226.43
2015-01-31,217.46
2015-02-01,226.97
2015-02-02,238.23
2015-02-03,227.27
2015-02-04,226.85
2015-02-05,217.11
2015-02-06,222.27
2015-02-07,227.75
2015-02-08,223.41
2015-02-09,220.11
2015-02-10,219.84
2015-02-11,219.18
2015-02-12,221.76
2015-02-13,235.43
2015-02-14,257.32
2015-02-15,234.82
2015-02-16,233.84
2015-02-17,243.61
2015-02-18,236.33
2015-02-19,240.28
2015-02-20,243.78
2015-02-21,244.53
2015-02-22,235.98
2015-02-23,238.89
2015-02-24,238.74
2015-02-25,237.47
2015-02-26,236.43
2015-02-27,253.83
2015-02-28,254.26
2015-03-01,260.20
2015-03-02,275.67
2015-03-03,281.70
2015-03-04,273.09
2015-03-05,276.18
2015-03-06,272.72
2015-03-07,276.26
2015-03-08,274.35
2015-03-09,289.61
2015-03-10,291.76
2015-03-11,296.38
2015-03-12,294.35
2015-03-13,285.34
2015-03-14,281.89
2015-03-15,286.39
2015-03-16,290.59
2015-03-17,285.51
2015-03-18,256.30
2015-03-19,260.93
2015-03-20,261.75
2015-03-21,260.02
2015-03-22,267.96
2015-03-23,266.74
2015-03-24,245.60
2015-03-25,246.20
2015-03-26,248.53
2015-03-27,247.03
2015-03-28,252.80
2015-03-29,242.71
2015-03-30,247.53
2015-03-31,244.22
2015-04-01,247.27
2015-04-02,253.01
2015-04-03,254.32
2015-04-04,253.70
2015-04-05,260.60
2015-04-06,255.49
2015-04-07,253.18
2015-04-08,245.02
2015-04-09,243.68
2015-04-10,236.07
2015-04-11,236.55
2015-04-12,236.15
2015-04-13,224.59
2015-04-14,219.16
2015-04-15,223.83
2015-04-16,228.57
2015-04-17,222.88
2015-04-18,223.36
2015-04-19,222.60
2015-04-20,224.63
2015-04-21,235.27
2015-04-22,234.18
2015-04-23,236.46
2015-04-24,231.27
2015-04-25,226.39
2015-04-26,219.43
2015-04-27,229.29
2015-04-28,225.85
2015-04-29,225.81
2015-04-30,236.15
2015-05-01,232.08
2015-05-02,234.93
2015-05-03,240.36
2015-05-04,239.02
2015-05-05,236.12
2015-05-06,229.78
2015-05-07,237.33
2015-05-08,243.86
2015-05-09,241.83
2015-05-10,240.30
2015-05-11,242.16
2015-05-12,241.11
2015-05-13,236.38
2015-05-14,236.93
2015-05-15,237.60
2015-05-16,236.15
2015-05-17,236.80
2015-05-18,233.13
2015-05-19,231.95
2015-05-20,234.02
2015-05-21,235.34
2015-05-22,240.35
2015-05-23,238.87
2015-05-24,240.95
2015-05-25,237.11
2015-05-26,237.12
2015-05-27,237.28
2015-05-28,237.41
2015-05-29,237.10
2015-05-30,233.35
2015-05-31,230.19
2015-06-01,222.93
2015-06-02,225.80
2015-06-03,225.87
2015-06-04,224.32
2015-06-05,224.95
2015-06-06,225.62
2015-06-07,222.88
2015-06-08,228.49
2015-06-09,229.05
2015-06-10,228.80
2015-06-11,229.71
2015-06-12,229.98
2015-06-13,232.40
2015-06-14,233.54
2015-06-15,236.82
2015-06-16,250.90
2015-06-17,249.28
2015-06-18,249.01
2015-06-19,244.61
2015-06-20,245.21
2015-06-21,243.94
2015-06-22,246.99
2015-06-23,244.30
2015-06-24,240.51
2015-06-25,242.80
2015-06-26,243.59
2015-06-27,250.99
2015-06-28,249.01
2015-06-29,257.06
2015-06-30,263.07
2015-07-01,258.62
2015-07-02,255.41
2015-07-03,256.34
2015-07-04,260.89
2015-07-05,271.91
2015-07-06,269.03
2015-07-07,266.21
2015-07-08,270.79
2015-07-09,269.23
2015-07-10,284.89
2015-07-11,293.11
2015-07-12,310.87
2015-07-13,292.05
2015-07-14,287.46
2015-07-15,285.83
2015-07-16,278.09
2015-07-17,279.47
2015-07-18,274.90
2015-07-19,273.61
2015-07-20,278.98
2015-07-21,275.83
2015-07-22,277.22
2015-07-23,276.05
2015-07-24,288.28
2015-07-25,288.70
2015-07-26,292.69
2015-07-27,293.62
2015-07-28,294.43
2015-07-29,289.59
2015-07-30,287.72
2015-07-31,284.65
2015-08-01,281.60
2015-08-02,282.61
2015-08-03,281.23
2015-08-04,285.22
2015-08-05,281.88
2015-08-06,278.58
2015-08-07,279.58
2015-08-08,261.00
2015-08-09,265.08
2015-08-10,264.47
2015-08-11,270.39
2015-08-12,266.38
2015-08-13,264.08
2015-08-14,265.68
2015-08-15,261.55
2015-08-16,258.51
2015-08-17,257.98
2015-08-18,211.08
2015-08-19,226.68
2015-08-20,235.35
2015-08-21,232.57
2015-08-22,230.39
2015-08-23,228.17
2015-08-24,210.49
2015-08-25,221.61
2015-08-26,225.83
2015-08-27,224.77
2015-08-28,231.40
2015-08-29,229.78
2015-08-30,228.76
2015-08-31,230.06
2015-09-01,228.12
2015-09-02,229.28
2015-09-03,227.18
2015-09-04,230.30
2015-09-05,235.02
2015-09-06,239.84
2015-09-07,239.85
2015-09-08,243.61
2015-09-09,238.17
2015-09-10,238.48
2015-09-11,240.11
2015-09-12,235.23
2015-09-13,230.51
2015-09-14,230.64
2015-09-15,230.30
2015-09-16,229.09
2015-09-17,229.81
2015-09-18,232.98
2015-09-19,231.49
2015-09-20,231.21
2015-09-21,227.09
2015-09-22,230.62
2015-09-23,230.28
2015-09-24,234.53
2015-09-25,235.14
2015-09-26,234.34
2015-09-27,232.76
2015-09-28,239.14
2015-09-29,236.69
2015-09-30,236.06
2015-10-01,237.55
2015-10-02,237.29
2015-10-03,238.73
2015-10-04,238.26
2015-10-05,240.38
2015-10-06,246.06
2015-10-07,242.97
2015-10-08,242.30
2015-10-09,243.93
2015-10-10,244.94
2015-10-11,247.05
2015-10-12,245.31
2015-10-13,249.51
2015-10-14,251.99
2015-10-15,254.32
2015-10-16,262.87
2015-10-17,270.64
2015-10-18,261.64
2015-10-19,263.44
2015-10-20,269.46
2015-10-21,266.27
2015-10-22,274.02
2015-10-23,276.50
2015-10-24,281.65
2015-10-25,283.68
2015-10-26,285.30
2015-10-27,293.79
2015-10-28,304.62
2015-10-29,313.86
2015-10-30,328.02
2015-10-31,314.17
2015-11-01,325.43
2015-11-02,361.19
2015-11-03,403.42
2015-11-04,411.56
2015-11-05,386.35
2015-11-06,374.47
2015-11-07,386.48
2015-11-08,373.37
2015-11-09,380.26
2015-11-10,336.82
2015-11-11,311.08
2015-11-12,338.15
2015-11-13,336.75
2015-11-14,332.91
2015-11-15,320.17
2015-11-16,330.75
2015-11-17,335.09
2015-11-18,334.59
2015-11-19,326.15
2015-11-20,322.02
2015-11-21,326.93
2015-11-22,324.54
2015-11-23,323.05
2015-11-24,320.05
2015-11-25,328.21
2015-11-26,352.68
2015-11-27,358.04
2015-11-28,357.38
2015-11-29,371.29
2015-11-30,377.32
2015-12-01,362.49
2015-12-02,359.19
2015-12-03,361.05
2015-12-04,363.18
2015-12-05,388.95
2015-12-06,388.78
2015-12-07,395.54
2015-12-08,415.56
2015-12-09,417.56
2015-12-10,415.48
2015-12-11,451.94
2015-12-12,435.00
2015-12-13,433.76
2015-12-14,444.18
2015-12-15,465.32
2015-12-16,454.93
2015-12-17,456.08
2015-12-18,463.62
2015-12-19,462.32
2015-12-20,442.68
2015-12-21,438.64
2015-12-22,436.57
2015-12-23,442.40
2015-12-24,454.98
2015-12-25,455.65
2015-12-26,417.27
2015-12-27,422.82
2015-12-28,422.28
2015-12-29,432.98
2015-12-30,426.62
2015-12-31,430.57
2016-01-01,434.33
2016-01-02,433.44
2016-01-03,430.01
2016-01-04,433.09
2016-01-05,431.96
2016-01-06,429.11
2016-01-07,458.05
2016-01-08,453.23
2016-01-09,447.61
2016-01-10,447.99
2016-01-11,448.43
2016-01-12,435.69
2016-01-13,432.37
2016-01-14,430.31
2016-01-15,364.33
2016-01-16,387.54
2016-01-17,382.30
2016-01-18,387.17
2016-01-19,380.15
2016-01-20,420.23
2016-01-21,410.26
2016-01-22,382.49
2016-01-23,387.49
2016-01-24,402.97
2016-01-25,391.73
2016-01-26,392.15
2016-01-27,394.97
2016-01-28,380.29
2016-01-29,379.47
2016-01-30,378.26
2016-01-31,368.77
2016-02-01,373.06
2016-02-02,374.45
2016-02-03,369.95
2016-02-04,389.59
2016-02-05,386.55
2016-02-06,376.52
2016-02-07,376.62
2016-02-08,373.45
2016-02-09,376.03
2016-02-10,381.65
2016-02-11,379.65
2016-02-12,384.26
2016-02-13,391.86
2016-02-14,407.23
2016-02-15,400.18
2016-02-16,407.49
2016-02-17,416.32
2016-02-18,422.37
2016-02-19,420.79
2016-02-20,437.16
2016-02-21,438.80
2016-02-22,437.75
2016-02-23,420.74
2016-02-24,424.95
2016-02-25,424.54
2016-02-26,432.15
2016-02-27,432.52
2016-02-28,433.50
2016-02-29,437.70
2016-03-01,435.12
2016-03-02,423.99
2016-03-03,421.65
2016-03-04,410.94
2016-03-05,400.57
2016-03-06,407.71
2016-03-07,414.32
2016-03-08,413.97
2016-03-09,414.86
2016-03-10,417.13
2016-03-11,421.69
2016-03-12,411.62
2016-03-13,414.07
2016-03-14,416.44
2016-03-15,416.83
2016-03-16,417.01
2016-03-17,420.62
2016-03-18,409.55
2016-03-19,410.44
2016-03-20,413.76
2016-03-21,413.31
2016-03-22,418.09
2016-03-23,418.04
2016-03-24,416.39
2016-03-25,417.18
2016-03-26,417.95
2016-03-27,426.77
2016-03-28,424.23
2016-03-29,416.52
2016-03-30,414.82
2016-03-31,416.73
2016-04-01,417.96
2016-04-02,420.87
2016-04-03,420.90
2016-04-04,421.44
2016-04-05,424.03
2016-04-06,423.41
2016-04-07,422.74
2016-04-08,420.35
2016-04-09,419.41
2016-04-10,421.56
2016-04-11,422.48
2016-04-12,425.19
2016-04-13,423.73
2016-04-14,424.28
2016-04-15,429.71
2016-04-16,430.57
2016-04-17,427.40
2016-04-18,428.59
2016-04-19,435.51
2016-04-20,441.39
2016-04-21,449.42
2016-04-22,445.74
2016-04-23,450.28
2016-04-24,458.55
2016-04-25,461.43
2016-04-26,466.09
2016-04-27,444.69
2016-04-28,449.01
2016-04-29,455.10
2016-04-30,448.32
2016-05-01,451.88
2016-05-02,444.67
2016-05-03,450.30
2016-05-04,446.72
2016-05-05,447.98
2016-05-06,459.60
2016-05-07,458.54
2016-05-08,458.55
2016-05-09,460.48
2016-05-10,450.89
2016-05-11,452.73
2016-05-12,454.77
2016-05-13,455.67
2016-05-14,455.67
2016-05-15,457.57
2016-05-16,454.16
2016-05-17,453.78
2016-05-18,454.62
2016-05-19,438.71
2016-05-20,442.68
2016-05-21,443.19
2016-05-22,439.32
2016-05-23,444.15
2016-05-24,445.98
2016-05-25,449.60
2016-05-26,453.38
2016-05-27,473.46
2016-05-28,530.04
2016-05-29,526.23
2016-05-30,533.86
2016-05-31,531.39
2016-06-01,536.92
2016-06-02,537.97
2016-06-03,569.19
2016-06-04,572.73
2016-06-05,574.98
2016-06-06,585.54
2016-06-07,576.60
2016-06-08,581.65
2016-06-09,574.63
2016-06-10,577.47
2016-06-11,606.73
2016-06-12,672.78
2016-06-13,704.38
2016-06-14,685.56
2016-06-15,694.47
2016-06-16,766.31
2016-06-17,748.91
2016-06-18,756.23
2016-06-19,763.78
2016-06-20,737.23
2016-06-21,666.65
2016-06-22,596.12
2016-06-23,623.98
2016-06-24,665.30
2016-06-25,665.12
2016-06-26,629.37
2016-06-27,655.28
2016-06-28,647.00
2016-06-29,639.89
2016-06-30,673.34
2016-07-01,676.30
2016-07-02,703.70
2016-07-03,658.66
2016-07-04,683.66
2016-07-05,670.63
2016-07-06,677.33
2016-07-07,640.56
2016-07-08,666.52
2016-07-09,650.96
2016-07-10,649.36
2016-07-11,647.66
2016-07-12,664.55
2016-07-13,654.47
2016-07-14,658.08
2016-07-15,663.26
2016-07-16,660.77
2016-07-17,679.46
2016-07-18,673.11
2016-07-19,672.86
2016-07-20,665.68
2016-07-21,665.01
2016-07-22,650.62
2016-07-23,655.56
2016-07-24,661.28
2016-07-25,654.10
2016-07-26,651.78
2016-07-27,654.35
2016-07-28,655.03
2016-07-29,656.99
2016-07-30,655.05
2016-07-31,624.68
2016-08-01,606.27
2016-08-02,547.47
2016-08-03,566.35
2016-08-04,578.29
2016-08-05,575.04
2016-08-06,587.78
2016-08-07,592.69
2016-08-08,591.05
2016-08-09,587.80
2016-08-10,592.10
2016-08-11,589.12
2016-08-12,587.56
2016-08-13,585.59
2016-08-14,570.47
2016-08-15,567.24
2016-08-16,577.44
2016-08-17,573.22
2016-08-18,574.32
2016-08-19,575.63
2016-08-20,581.70
2016-08-21,581.31
2016-08-22,586.75
2016-08-23,583.41
2016-08-24,580.18
2016-08-25,577.76
2016-08-26,579.65
2016-08-27,569.95
2016-08-28,573.91
2016-08-29,574.11
2016-08-30,577.50
2016-08-31,575.47
2016-09-01,572.30
2016-09-02,575.54
2016-09-03,598.21
2016-09-04,608.63
2016-09-05,606.59
2016-09-06,610.44
2016-09-07,614.54
2016-09-08,626.32
2016-09-09,622.86
2016-09-10,623.51
2016-09-11,606.72
2016-09-12,608.24
2016-09-13,609.24
2016-09-14,610.68
2016-09-15,607.16
2016-09-16,606.97
2016-09-17,605.98
2016-09-18,609.87
2016-09-19,609.23
2016-09-20,608.31
2016-09-21,597.15
2016-09-22,596.30
2016-09-23,602.84
2016-09-24,602.63
2016-09-25,600.83
2016-09-26,608.04
2016-09-27,606.17
2016-09-28,604.73
2016-09-29,605.69
2016-09-30,609.73
2016-10-01,613.98
2016-10-02,610.89
2016-10-03,612.13
2016-10-04,610.20
2016-10-05,612.51
2016-10-06,613.02
2016-10-07,617.12
2016-10-08,619.11
2016-10-09,616.75
2016-10-10,618.99
2016-10-11,641.07
2016-10-12,636.19
2016-10-13,636.79
2016-10-14,640.38
2016-10-15,638.65
2016-10-16,641.63
2016-10-17,639.19
2016-10-18,637.96
2016-10-19,630.52
2016-10-20,630.86
2016-10-21,632.83
2016-10-22,657.29
2016-10-23,657.07
2016-10-24,653.76
2016-10-25,657.59
2016-10-26,678.30
2016-10-27,688.31
2016-10-28,689.65
2016-10-29,714.48
2016-10-30,701.86
2016-10-31,700.97
2016-11-01,729.79
2016-11-02,740.83
2016-11-03,688.70
2016-11-04,703.23
2016-11-05,703.42
2016-11-06,711.52
2016-11-07,703.13
2016-11-08,709.85
2016-11-09,723.27
2016-11-10,715.53
2016-11-11,716.41
2016-11-12,705.05
2016-11-13,702.03
2016-11-14,705.02
2016-11-15,711.62
2016-11-16,744.20
2016-11-17,740.98
2016-11-18,751.59
2016-11-19,751.62
2016-11-20,731.03
2016-11-21,739.25
2016-11-22,751.35
2016-11-23,744.59
2016-11-24,740.29
2016-11-25,741.65
2016-11-26,735.38
2016-11-27,732.03
2016-11-28,735.81
2016-11-29,735.60
2016-11-30,745.69
2016-12-01,756.77
2016-12-02,777.94
2016-12-03,771.16
2016-12-04,773.87
2016-12-05,758.70
2016-12-06,764.22
2016-12-07,768.13
2016-12-08,770.81
2016-12-09,772.79
2016-12-10,774.65
2016-12-11,769.73
2016-12-12,780.09
2016-12-13,780.56
2016-12-14,781.48
2016-12-15,778.09
2016-12-16,784.91
2016-12-17,790.83
2016-12-18,790.53
2016-12-19,792.71
2016-12-20,800.88
2016-12-21,834.28
2016-12-22,864.54
2016-12-23,921.98
2016-12-24,898.82
2016-12-25,896.18
2016-12-26,907.61
2016-12-27,933.20
2016-12-28,975.92
2016-12-29,973.50
2016-12-30,961.24
2016-12-31,963.74
2017-01-01,998.33
2017-01-02,1021.75
2017-01-03,1043.84
2017-01-04,1154.73
2017-01-05,1013.38
2017-01-06,902.20
2017-01-07,908.59
2017-01-08,911.20
2017-01-09,902.83
2017-01-10,907.68
2017-01-11,777.76
2017-01-12,804.83
2017-01-13,823.98
2017-01-14,818.41
2017-01-15,821.80
2017-01-16,831.53
2017-01-17,907.94
2017-01-18,886.62
2017-01-19,899.07
2017-01-20,895.03
2017-01-21,921.79
2017-01-22,924.67
2017-01-23,921.01
2017-01-24,892.69
2017-01-25,901.54
2017-01-26,917.59
2017-01-27,919.75
2017-01-28,921.59
2017-01-29,919.50
2017-01-30,920.38
2017-01-31,970.40
2017-02-01,989.02
2017-02-02,1011.80
2017-02-03,1029.91
2017-02-04,1042.90
2017-02-05,1027.34
2017-02-06,1038.15
2017-02-07,1061.35
2017-02-08,1063.07
2017-02-09,994.38
2017-02-10,988.67
2017-02-11,1004.45
2017-02-12,999.18
2017-02-13,990.64
2017-02-14,1004.55
2017-02-15,1007.48
2017-02-16,1027.44
2017-02-17,1046.21
2017-02-18,1054.42
2017-02-19,1047.87
2017-02-20,1079.98
2017-02-21,1115.30
2017-02-22,1117.44
2017-02-23,1166.72
2017-02-24,1173.68
2017-02-25,1143.84
2017-02-26,1165.20
2017-02-27,1179.97
2017-02-28,1179.97
2017-03-01,1222.50
2017-03-02,1251.01
2017-03-03,1274.99
2017-03-04,1255.15
2017-03-05,1267.12
2017-03-06,1272.83
2017-03-07,1223.54
2017-03-08,1150.00
2017-03-09,1188.49
2017-03-10,1116.72
2017-03-11,1175.83
2017-03-12,1221.38
2017-03-13,1231.92
2017-03-14,1240.00
2017-03-15,1249.61
2017-03-16,1187.81
2017-03-17,1100.23
2017-03-18,973.82
2017-03-19,1036.74
2017-03-20,1054.23
2017-03-21,1120.54
2017-03-22,1049.14
2017-03-23,1038.59
2017-03-24,937.52
2017-03-25,972.78
2017-03-26,966.72
2017-03-27,1045.77
2017-03-28,1047.15
2017-03-29,1039.97
2017-03-30,1026.43
2017-03-31,1071.79
2017-04-01,1080.50
2017-04-02,1102.17
2017-04-03,1143.81
2017-04-04,1133.25
2017-04-05,1124.78
2017-04-06,1182.68
2017-04-07,1176.90
2017-04-08,1175.95
2017-04-09,1187.87
2017-04-10,1187.13
2017-04-11,1205.01
2017-04-12,1200.37
2017-04-13,1169.28
2017-04-14,1167.54
2017-04-15,1172.52
2017-04-16,1182.94
2017-04-17,1193.91
2017-04-18,1211.67
2017-04-19,1210.29
2017-04-20,1229.08
2017-04-21,1222.05
2017-04-22,1231.71
2017-04-23,1207.21
2017-04-24,1250.15
2017-04-25,1265.49
2017-04-26,1281.08
2017-04-27,1317.73
2017-04-28,1316.48
2017-04-29,1321.79
2017-04-30,1347.89
2017-05-01,1421.60
2017-05-02,1452.82
2017-05-03,1490.09
2017-05-04,1537.67
2017-05-05,1555.45
2017-05-06,1578.80
2017-05-07,1596.71
2017-05-08,1723.35
2017-05-09,1755.36
2017-05-10,1787.13
2017-05-11,1848.57
2017-05-12,1724.24
2017-05-13,1804.91
2017-05-14,1808.91
2017-05-15,1738.43
2017-05-16,1734.45
2017-05-17,1839.09
2017-05-18,1888.65
2017-05-19,1987.71
2017-05-20,2084.73
2017-05-21,2041.20
2017-05-22,2173.40
2017-05-23,2320.42
2017-05-24,2443.64
2017-05-25,2304.98
2017-05-26,2202.42
2017-05-27,2038.87
2017-05-28,2155.80
2017-05-29,2255.61
2017-05-30,2175.47
2017-05-31,2286.41
2017-06-01,2407.88
2017-06-02,2488.55
2017-06-03,2515.35
2017-06-04,2511.81
2017-06-05,2686.81
2017-06-06,2863.20
2017-06-07,2732.16
2017-06-08,2805.62
2017-06-09,2823.81
2017-06-10,2947.71
2017-06-11,2958.11
2017-06-12,2659.63
2017-06-13,2717.02
2017-06-14,2506.37
2017-06-15,2464.58
2017-06-16,2518.56
2017-06-17,2655.88
2017-06-18,2548.29
2017-06-19,2589.60
2017-06-20,2721.79
2017-06-21,2689.10
2017-06-22,2705.41
2017-06-23,2744.91
2017-06-24,2608.72
2017-06-25,2589.41
2017-06-26,2478.45
2017-06-27,2552.45
2017-06-28,2574.79
2017-06-29,2539.32
2017-06-30,2480.84
2017-07-01,2434.55
2017-07-02,2506.47
2017-07-03,2564.06
2017-07-04,2601.64
2017-07-05,2601.99
2017-07-06,2608.56
2017-07-07,2518.66
2017-07-08,2571.34
2017-07-09,2518.44
2017-07-10,2372.56
2017-07-11,2337.79
2017-07-12,2398.84
2017-07-13,2357.90
2017-07-14,2233.34
2017-07-15,1998.86
2017-07-16,1929.82
2017-07-17,2228.41
2017-07-18,2318.88
2017-07-19,2273.43
2017-07-20,2817.60
2017-07-21,2667.76
2017-07-22,2810.12
2017-07-23,2730.40
2017-07-24,2754.86
2017-07-25,2576.48
2017-07-26,2529.45
2017-07-27,2671.78
2017-07-28,2809.01
2017-07-29,2726.45
2017-07-30,2757.18
2017-07-31,2875.34
2017-08-01,2718.26
2017-08-02,2710.67
2017-08-03,2804.73
2017-08-04,2895.89
2017-08-05,3252.91
2017-08-06,3213.94
2017-08-07,3378.94
2017-08-08,3419.94
2017-08-09,3342.47
2017-08-10,3381.28
2017-08-11,3650.62
2017-08-12,3884.71
2017-08-13,4073.26
2017-08-14,4325.13
2017-08-15,4181.93
2017-08-16,4376.63
2017-08-17,4331.69
2017-08-18,4160.62
2017-08-19,4193.70
2017-08-20,4087.66
2017-08-21,4001.74
2017-08-22,4100.52
2017-08-23,4151.52
2017-08-24,4334.68
2017-08-25,4371.60
2017-08-26,4352.40
2017-08-27,4382.88
2017-08-28,4382.66
2017-08-29,4579.02
2017-08-30,4565.30
2017-08-31,4703.39
2017-09-01,4892.01
2017-09-02,4578.77
2017-09-03,4582.96
2017-09-04,4236.31
2017-09-05,4376.53
2017-09-06,4597.12
2017-09-07,4599.88
2017-09-08,4228.75
2017-09-09,4226.06
2017-09-10,4122.94
2017-09-11,4161.27
2017-09-12,4130.81
2017-09-13,3882.59
2017-09-14,3154.95
2017-09-15,3637.52
2017-09-16,3625.04
2017-09-17,3582.88
2017-09-18,4065.20
2017-09-19,3924.97
2017-09-20,3905.95
2017-09-21,3631.04
2017-09-22,3630.70
2017-09-23,3792.40
2017-09-24,3682.84
2017-09-25,3926.07
2017-09-26,3892.35
2017-09-27,4200.67
2017-09-28,4174.73
2017-09-29,4163.07
2017-09-30,4338.71
2017-10-01,4403.74
2017-10-02,4409.32
2017-10-03,4317.48
2017-10-04,4229.36
2017-10-05,4328.41
2017-10-06,4370.81
2017-10-07,4426.89
2017-10-08,4610.48
2017-10-09,4772.02
2017-10-10,4781.99
2017-10-11,4826.48
2017-10-12,5446.91
2017-10-13,5647.21
2017-10-14,5831.79
2017-10-15,5678.19
2017-10-16,5725.59
2017-10-17,5605.51
2017-10-18,5590.69
2017-10-19,5708.52
2017-10-20,6011.45
2017-10-21,6031.60
2017-10-22,6008.42
2017-10-23,5930.32
2017-10-24,5526.64
2017-10-25,5750.80
2017-10-26,5904.83
2017-10-27,5780.90
2017-10-28,5753.09
2017-10-29,6153.85
2017-10-30,6130.53
2017-10-31,6468.40
2017-11-01,6767.31
2017-11-02,7078.50
2017-11-03,7207.76
2017-11-04,7379.95
2017-11-05,7407.41
2017-11-06,7022.76
2017-11-07,7144.38
2017-11-08,7459.69
2017-11-09,7143.58
2017-11-10,6618.14
2017-11-11,6357.60
2017-11-12,5950.07
2017-11-13,6559.49
2017-11-14,6635.75
2017-11-15,7315.54
2017-11-16,7871.69
2017-11-17,7708.99
2017-11-18,7790.15
2017-11-19,8036.49
2017-11-20,8200.64
2017-11-21,8071.26
2017-11-22,8253.55
2017-11-23,8038.77
2017-11-24,8253.69
2017-11-25,8790.92
2017-11-26,9330.55
2017-11-27,9818.35
2017-11-28,10058.80
2017-11-29,9888.61
2017-11-30,10233.60
2017-12-01,10975.60
2017-12-02,11074.60
2017-12-03,11323.20
2017-12-04,11657.20
2017-12-05,11916.70
2017-12-06,14291.50
2017-12-07,17899.70
2017-12-08,16569.40
2017-12-09,15178.20
2017-12-10,15455.40
2017-12-11,16936.80
2017-12-12,17415.40
2017-12-13,16408.20
2017-12-14,16564.00
2017-12-15,17706.90
2017-12-16,19497.40
2017-12-17,19140.80
2017-12-18,19114.20
2017-12-19,17776.70
2017-12-20,16624.60
2017-12-21,15802.90
2017-12-22,13831.80
2017-12-23,14699.20
2017-12-24,13925.80
2017-12-25,14026.60
2017-12-26,16099.80
2017-12-27,15838.50
2017-12-28,14606.50
2017-12-29,14656.20
2017-12-30,12952.20
2017-12-31,14156.40
2018-01-01,13657.20
2018-01-02,14982.10
2018-01-03,15201.00
2018-01-04,15599.20
2018-01-05,17429.50
2018-01-06,17527.00
2018-01-07,16477.60
2018-01-08,15170.10
2018-01-09,14595.40
2018-01-10,14973.30
2018-01-11,13405.80
2018-01-12,13980.60
2018-01-13,14360.20
2018-01-14,13772.00
2018-01-15,13819.80
2018-01-16,11490.50
2018-01-17,11188.60
2018-01-18,11474.90
2018-01-19,11607.40
2018-01-20,12899.20
2018-01-21,11600.10
2018-01-22,10931.40
2018-01-23,10868.40
2018-01-24,11359.40
2018-01-25,11259.40
2018-01-26,11171.40
2018-01-27,11440.70
2018-01-28,11786.30
2018-01-29,11296.40
2018-01-30,10106.30
2018-01-31,10221.10
2018-02-01,9170.54
2018-02-02,8830.75
2018-02-03,9174.91
2018-02-04,8277.01
2018-02-05,6955.27
2018-02-06,7754.00
2018-02-07,7621.30
2018-02-08,8265.59
2018-02-09,8736.98
2018-02-10,8621.90
2018-02-11,8129.97
2018-02-12,8926.57
2018-02-13,8598.31
2018-02-14,9494.63
2018-02-15,10166.40
2018-02-16,10233.90
2018-02-17,11112.70
2018-02-18,10551.80
2018-02-19,11225.30
2018-02-20,11403.70
2018-02-21,10690.40
2018-02-22,10005.00
2018-02-23,10301.10
2018-02-24,9813.07
2018-02-25,9664.73
2018-02-26,10366.70
2018-02-27,10725.60
2018-02-28,10397.90
2018-03-01,10951.00
2018-03-02,11086.40
2018-03-03,11489.70
2018-03-04,11512.60
2018-03-05,11573.30
2018-03-06,10779.90
2018-03-07,9965.57
2018-03-08,9395.01
2018-03-09,9337.55
2018-03-10,8866.00
2018-03-11,9578.63
2018-03-12,9205.12
2018-03-13,9194.85
2018-03-14,8269.81
2018-03-15,8300.86
2018-03-16,8338.35
2018-03-17,7916.88
2018-03-18,8223.68
2018-03-19,8630.65
2018-03-20,8913.47
2018-03-21,8929.28
2018-03-22,8728.47
2018-03-23,8879.62
2018-03-24,8668.12
2018-03-25,8495.78
2018-03-26,8209.40
2018-03-27,7833.04
2018-03-28,7954.48
2018-03-29,7165.70
2018-03-30,6890.52
2018-03-31,6973.53
2018-04-01,6844.23
2018-04-02,7083.80
2018-04-03,7456.11
2018-04-04,6853.84
2018-04-05,6811.47
2018-04-06,6636.32
2018-04-07,6911.09
2018-04-08,7023.52
2018-04-09,6770.73
2018-04-10,6834.76
2018-04-11,6968.32
2018-04-12,7889.25
2018-04-13,7895.96
2018-04-14,7986.24
2018-04-15,8329.11
2018-04-16,8058.67
2018-04-17,7902.09
2018-04-18,8163.42
2018-04-19,8294.31
2018-04-20,8845.83
2018-04-21,8895.58
2018-04-22,8802.46
2018-04-23,8930.88
2018-04-24,9697.50
2018-04-25,8845.74
2018-04-26,9281.51
2018-04-27,8987.05
2018-04-28,9348.48
2018-04-29,9419.08
2018-04-30,9240.55
2018-05-01,9119.01
2018-05-02,9235.92
2018-05-03,9743.86
2018-05-04,9700.76
2018-05-05,9858.15
2018-05-06,9654.80
2018-05-07,9373.01
2018-05-08,9234.82
2018-05-09,9325.18
2018-05-10,9043.94
2018-05-11,8441.49
2018-05-12,8504.89
2018-05-13,8723.94
2018-05-14,8716.79
2018-05-15,8510.38
2018-05-16,8368.83
2018-05-17,8094.32
2018-05-18,8250.97
2018-05-19,8247.18
2018-05-20,8513.25
2018-05-21,8418.99
2018-05-22,8041.78
2018-05-23,7557.82
2018-05-24,7587.34
2018-05-25,7480.14
2018-05-26,7355.88
2018-05-27,7368.22
2018-05-28,7135.99
2018-05-29,7472.59
2018-05-30,7406.52
2018-05-31,7494.17
2018-06-01,7541.45
2018-06-02,7643.45
2018-06-03,7720.25
2018-06-04,7514.47
2018-06-05,7633.76
2018-06-06,7653.98
2018-06-07,7678.24
2018-06-08,7624.92
2018-06-09,7531.98
2018-06-10,6786.02
2018-06-11,6906.92
2018-06-12,6582.36
2018-06-13,6349.90
2018-06-14,6675.35
2018-06-15,6456.58
2018-06-16,6550.16
2018-06-17,6499.27
2018-06-18,6734.82
2018-06-19,6769.94
2018-06-20,6776.55
2018-06-21,6729.74
2018-06-22,6083.69
2018-06-23,6162.48
2018-06-24,6173.23
2018-06-25,6249.18
2018-06-26,6093.67
2018-06-27,6157.13
2018-06-28,5903.44
2018-06-29,6218.30
2018-06-30,6404.00
2018-07-01,6385.82
2018-07-02,6614.18
2018-07-03,6529.59
2018-07-04,6597.55
2018-07-05,6639.14
2018-07-06,6673.50
2018-07-07,6856.93
2018-07-08,6773.88
2018-07-09,6741.75
2018-07-10,6329.95
2018-07-11,6394.71
2018-07-12,6228.81
2018-07-13,6238.05
2018-07-14,6276.12
2018-07-15,6359.64
2018-07-16,6741.75
2018-07-17,7321.04
2018-07-18,7370.78
2018-07-19,7466.86
2018-07-20,7354.13
2018-07-21,7419.29
2018-07-22,7418.49
2018-07-23,7711.11
2018-07-24,8424.27
2018-07-25,8181.39
2018-07-26,7951.58
2018-07-27,8165.01
2018-07-28,8192.15
2018-07-29,8218.46
2018-07-30,8180.48
2018-07-31,7780.44
2018-08-01,7624.91
2018-08-02,7567.15
2018-08-03,7434.39
2018-08-04,7032.85
2018-08-05,7068.48
2018-08-06,6951.80
2018-08-07,6753.12
2018-08-08,6305.80
2018-08-09,6568.23
2018-08-10,6184.71
2018-08-11,6295.73
2018-08-12,6322.69
2018-08-13,6297.57
2018-08-14,6199.71
2018-08-15,6308.52
2018-08-16,6334.73
2018-08-17,6580.63
2018-08-18,6423.76
2018-08-19,6506.07
2018-08-20,6308.53
2018-08-21,6488.76
2018-08-22,6376.71
2018-08-23,6534.88
2018-08-24,6719.96
2018-08-25,6763.19
2018-08-26,6707.26
2018-08-27,6884.64
2018-08-28,7096.28
2018-08-29,7047.16
2018-08-30,6978.23
2018-08-31,7037.58
2018-09-01,7193.25
2018-09-02,7272.72
2018-09-03,7260.06
2018-09-04,7361.66
2018-09-05,6792.83
2018-09-06,6529.17
2018-09-07,6467.07
2018-09-08,6225.98
2018-09-09,6300.86
2018-09-10,6329.70
2018-09-11,6321.20
2018-09-12,6351.80
2018-09-13,6517.31
2018-09-14,6512.71
2018-09-15,6543.20
2018-09-16,6517.18
2018-09-17,6281.20
2018-09-18,6371.30
2018-09-19,6398.54
2018-09-20,6519.67
2018-09-21,6734.95
2018-09-22,6721.98
2018-09-23,6710.63
2018-09-24,6595.41
2018-09-25,6446.47
2018-09-26,6495.00
2018-09-27,6676.75
2018-09-28,6644.13
2018-09-29,6601.96
2018-09-30,6625.56
2018-10-01,6589.62
2018-10-02,6556.10
2018-10-03,6502.59
2018-10-04,6576.69
2018-10-05,6622.48
2018-10-06,6588.31
2018-10-07,6602.95
2018-10-08,6652.23
2018-10-09,6642.64
2018-10-10,6585.53
2018-10-11,6256.24
2018-10-12,6274.58
2018-10-13,6285.99
2018-10-14,6290.93
2018-10-15,6596.54
2018-10-16,6596.11
2018-10-17,6544.43
2018-10-18,6476.71
2018-10-19,6465.41
2018-10-20,6489.19
2018-10-21,6482.35
2018-10-22,6487.16
2018-10-23,6475.74
2018-10-24,6495.84
2018-10-25,6476.29
2018-10-26,6474.75
2018-10-27,6480.38
2018-10-28,6486.39
2018-10-29,6332.63
2018-10-30,6334.27
2018-10-31,6317.61
2018-11-01,6377.78
2018-11-02,6388.44
2018-11-03,6361.26
2018-11-04,6376.13
2018-11-05,6419.66
2018-11-06,6461.01
2018-11-07,6530.14
2018-11-08,6453.72
2018-11-09,6385.62
2018-11-10,6409.22
2018-11-11,6411.27
2018-11-12,6371.27
2018-11-13,6359.49
2018-11-14,5738.35
2018-11-15,5648.03
2018-11-16,5575.55
2018-11-17,5554.33
2018-11-18,5623.54
2018-11-19,4871.49
2018-11-20,4451.87
2018-11-21,4602.17
2018-11-22,4365.94
2018-11-23,4347.11
2018-11-24,3880.76
2018-11-25,4009.97
2018-11-26,3779.13
2018-11-27,3820.72
2018-11-28,4257.42
2018-11-29,4278.85
2018-11-30,4017.27
2018-12-01,4214.67
2018-12-02,4139.88
2018-12-03,3894.13
2018-12-04,3956.89
2018-12-05,3753.99
2018-12-06,3521.10
2018-12-07,3419.94
2018-12-08,3476.11
2018-12-09,3614.23
2018-12-10,3502.66
2018-12-11,3424.59
2018-12-12,3486.95
2018-12-13,3313.68
2018-12-14,3242.48
2018-12-15,3236.76
2018-12-16,3252.84
2018-12-17,3545.86
2018-12-18,3696.06
2018-12-19,3745.95
2018-12-20,4134.44
2018-12-21,3896.54
2018-12-22,4014.18
2018-12-23,3998.98
2018-12-24,4078.60
2018-12-25,3815.49
2018-12-26,3857.30
2018-12-27,3654.83
2018-12-28,3923.92
2018-12-29,3820.41
2018-12-30,3865.95
2018-12-31,3742.70
2019-01-01,3843.52
2019-01-02,3943.41
2019-01-03,3836.74
2019-01-04,3857.72
2019-01-05,3845.19
2019-01-06,4076.63
2019-01-07,4025.25
2019-01-08,4030.85
2019-01-09,4035.30
2019-01-10,3678.92
2019-01-11,3687.37
2019-01-12,3661.30
2019-01-13,3552.95
2019-01-14,3706.05
2019-01-15,3630.68
2019-01-16,3655.01
2019-01-17,3678.56
2019-01-18,3657.84
2019-01-19,3728.57
2019-01-20,3601.01
2019-01-21,3576.03
2019-01-22,3604.58
2019-01-23,3585.12
2019-01-24,3600.87
2019-01-25,3599.77
2019-01-26,3602.46
2019-01-27,3583.97
2019-01-28,3470.45
2019-01-29,3448.12
2019-01-30,3486.18
2019-01-31,3457.79
2019-02-01,3487.95
2019-02-02,3521.06
2019-02-03,3464.01
2019-02-04,3459.15
2019-02-05,3466.36
2019-02-06,3413.77
2019-02-07,3399.47
2019-02-08,3666.78
2019-02-09,3671.20
2019-02-10,3690.19
2019-02-11,3648.43
2019-02-12,3653.53
2019-02-13,3632.07
2019-02-14,3616.88
2019-02-15,3620.81
2019-02-16,3629.79
2019-02-17,3673.84
2019-02-18,3915.71
2019-02-19,3947.09
2019-02-20,3999.82
2019-02-21,3954.12
2019-02-22,4005.53
2019-02-23,4142.53
2019-02-24,3810.43
2019-02-25,3882.70
2019-02-26,3854.36
2019-02-27,3851.05
2019-02-28,3854.79
2019-03-01,3859.58
2019-03-02,3864.42
2019-03-03,3847.18
2019-03-04,3761.56
2019-03-05,3896.38
2019-03-06,3903.94
2019-03-07,3911.48
2019-03-08,3901.13
2019-03-09,3963.31
2019-03-10,3951.60
2019-03-11,3905.23
2019-03-12,3909.16
2019-03-13,3906.72
2019-03-14,3924.37
2019-03-15,3960.91
2019-03-16,4048.73
2019-03-17,4025.23
2019-03-18,4032.51
2019-03-19,4071.19
2019-03-20,4087.48
2019-03-21,4029.33
2019-03-22,4023.97
2019-03-23,4035.83
2019-03-24,4022.17
2019-03-25,3963.07
2019-03-26,3985.08
2019-03-27,4087.07
2019-03-28,4069.11
2019-03-29,4098.37
2019-03-30,4106.66
2019-03-31,4105.40
2019-04-01,4158.18
2019-04-02,4879.88
2019-04-03,4973.02
2019-04-04,4922.80
2019-04-05,5036.68
2019-04-06,5059.82
2019-04-07,5198.90
2019-04-08,5289.77
2019-04-09,5204.96
2019-04-10,5324.55
2019-04-11,5064.49
2019-04-12,5089.54
2019-04-13,5096.59
2019-04-14,5167.72
2019-04-15,5067.11
2019-04-16,5235.56
2019-04-17,5251.94
2019-04-18,5298.39
2019-04-19,5303.81
2019-04-20,5337.89
2019-04-21,5314.53
2019-04-22,5399.37
2019-04-23,5572.36
2019-04-24,5464.87
2019-04-25,5210.52
2019-04-26,5279.35
2019-04-27,5268.29
2019-04-28,5285.14
2019-04-29,5247.35
2019-04-30,5350.73
2019-05-01,5402.70
2019-05-02,5505.28
2019-05-03,5768.29
2019-05-04,5831.17
2019-05-05,5795.71
2019-05-06,5746.81
2019-05-07,5829.50
2019-05-08,5982.46
2019-05-09,6174.53
2019-05-10,6378.85
2019-05-11,7204.77
2019-05-12,6972.37
2019-05-13,7814.92
2019-05-14,7994.42
2019-05-15,8205.17
2019-05-16,7884.91
2019-05-17,7343.90
2019-05-18,7271.21
2019-05-19,8197.69
2019-05-20,7978.31
2019-05-21,7963.33
2019-05-22,7680.07
2019-05-23,7881.85
2019-05-24,7987.37
2019-05-25,8052.54
2019-05-26,8673.22
2019-05-27,8805.78
2019-05-28,8719.96
2019-05-29,8659.49
2019-05-30,8319.47
2019-05-31,8574.50
2019-06-01,8564.02
2019-06-02,8742.96
2019-06-03,8209.00
2019-06-04,7707.77
2019-06-05,7824.23
2019-06-06,7822.02
2019-06-07,8043.95
2019-06-08,7954.13
2019-06-09,7688.08
2019-06-10,8000.33
2019-06-11,7927.71
2019-06-12,8145.86
2019-06-13,8230.92
2019-06-14,8693.83
2019-06-15,8838.38
2019-06-16,8994.49
2019-06-17,9320.35
2019-06-18,9081.76
2019-06-19,9273.52
2019-06-20,9527.16
2019-06-21,10144.56
2019-06-22,10701.69
2019-06-23,10855.37
2019-06-24,11011.10
2019-06-25,11790.92
2019-06-26,13016.23
2019-06-27,11182.81
2019-06-28,12407.33
2019-06-29,11959.37
2019-06-30,10817.16
2019-07-01,10583.13
2019-07-02,10801.68
2019-07-03,11961.27
2019-07-04,11215.44
2019-07-05,10978.46
2019-07-06,11208.55
2019-07-07,11450.85
2019-07-08,12285.96
2019-07-09,12573.81
2019-07-10,12156.51
2019-07-11,11358.66
2019-07-12,11815.99
2019-07-13,11392.38
2019-07-14,10256.06
2019-07-15,10895.09
2019-07-16,9477.64
2019-07-17,9693.80
2019-07-18,10666.48
2019-07-19,10530.73
2019-07-20,10767.14
2019-07-21,10599.11
2019-07-22,10343.11
2019-07-23,9900.77
2019-07-24,9811.93
2019-07-25,9911.84
2019-07-26,9870.30
2019-07-27,9477.68
2019-07-28,9552.86
2019-07-29,9519.15
2019-07-30,9607.42
2019-07-31,10085.63
2019-08-01,10399.67
2019-08-02,10518.17
2019-08-03,10821.73
2019-08-04,10970.18
2019-08-05,11805.65
2019-08-06,11478.17
2019-08-07,11941.97
2019-08-08,11966.41
2019-08-09,11862.94
2019-08-10,11354.02
2019-08-11,11523.58
2019-08-12,11382.62
2019-08-13,10895.83
2019-08-14,10051.70
2019-08-15,10311.55
2019-08-16,10374.34
2019-08-17,10231.74
2019-08-18,10345.81
2019-08-19,10916.05
2019-08-20,10763.23
2019-08-21,10138.05
2019-08-22,10131.06
2019-08-23,10407.96
2019-08-24,10159.96
2019-08-25,10138.52
2019-08-26,10370.82
2019-08-27,10185.50
2019-08-28,9754.42
2019-08-29,9510.20
2019-08-30,9598.17
2019-08-31,9630.66
2019-09-01,9757.97
2019-09-02,10346.76
2019-09-03,10623.54
2019-09-04,10594.49
2019-09-05,10575.53
2019-09-06,10353.30
2019-09-07,10517.25
2019-09-08,10441.28
2019-09-09,10334.97
2019-09-10,10115.98
2019-09-11,10178.37
2019-09-12,10410.13
2019-09-13,10360.55
2019-09-14,10358.05
2019-09-15,10347.71
2019-09-16,10276.79
2019-09-17,10241.27
2019-09-18,10198.25
2019-09-19,10266.42
2019-09-20,10181.64
2019-09-21,10019.72
2019-09-22,10070.39
2019-09-23,9729.32
2019-09-24,8620.57
2019-09-25,8486.99
2019-09-26,8118.97
2019-09-27,8251.85
2019-09-28,8245.92
2019-09-29,8104.19
2019-09-30,8293.87
2019-10-01,8343.28
2019-10-02,8393.04
2019-10-03,8259.99
2019-10-04,8205.94
2019-10-05,8151.50
2019-10-06,7988.16
2019-10-07,8245.62
2019-10-08,8228.78
2019-10-09,8595.74
2019-10-10,8586.47
2019-10-11,8321.76
2019-10-12,8336.56
2019-10-13,8321.01
2019-10-14,8374.69
2019-10-15,8205.37
2019-10-16,8047.53
2019-10-17,8103.91
2019-10-18,7973.21
2019-10-19,7988.56
2019-10-20,8222.08
2019-10-21,8243.72
2019-10-22,8078.20
2019-10-23,7514.67
2019-10-24,7493.49
2019-10-25,8660.70
2019-10-26,9244.97
2019-10-27,9551.71
2019-10-28,9256.15
2019-10-29,9427.69
2019-10-30,9205.73
2019-10-31,9199.58
2019-11-01,9261.10
2019-11-02,9324.72
2019-11-03,9235.35
2019-11-04,9412.61
2019-11-05,9342.53
2019-11-06,9360.88
2019-11-07,9267.56
2019-11-08,8804.88
2019-11-09,8813.58
2019-11-10,9055.53
2019-11-11,8757.79
2019-11-12,8815.66
2019-11-13,8808.26
2019-11-14,8708.09
2019-11-15,8491.99
2019-11-16,8550.76
2019-11-17,8577.98
2019-11-18,8309.29
2019-11-19,8206.15
2019-11-20,8027.27
2019-11-21,7642.75
2019-11-22,7296.58
2019-11-23,7397.80
2019-11-24,7047.92
2019-11-25,7146.13
2019-11-26,7218.37
2019-11-27,7531.66
2019-11-28,7463.11
2019-11-29,7761.24
2019-11-30,7569.63
2019-12-01,7424.29
2019-12-02,7321.99
2019-12-03,7320.15
2019-12-04,7252.03
2019-12-05,7448.31
2019-12-06,7547.00
2019-12-07,7556.24
2019-12-08,7564.35
2019-12-09,7400.90
2019-12-10,7278.12
2019-12-11,7217.43
2019-12-12,7243.13
2019-12-13,7269.68
2019-12-14,7124.67
2019-12-15,7152.30
2019-12-16,6932.48
2019-12-17,6640.52
2019-12-18,7276.80
2019-12-19,7202.84
2019-12-20,7218.82
2019-12-21,7191.16
2019-12-22,7511.59
2019-12-23,7355.63
2019-12-24,7322.53
2019-12-25,7275.16
2019-12-26,7238.97
2019-12-27,7290.09
2019-12-28,7317.99
2019-12-29,7422.65
2019-12-30,7293.00
2019-12-31,7193.60
2020-01-01,7200.17
2020-01-02,6985.47
2020-01-03,7344.88
2020-01-04,7410.66
2020-01-05,7411.32
2020-01-06,7769.22
2020-01-07,8163.69
2020-01-08,8079.86
2020-01-09,7879.07
2020-01-10,8166.55
2020-01-11,8037.54
2020-01-12,8192.49
2020-01-13,8144.19
2020-01-14,8827.76
2020-01-15,8807.01
2020-01-16,8723.79
2020-01-17,8929.04
2020-01-18,8942.81
2020-01-19,8706.25
2020-01-20,8657.64
2020-01-21,8745.89
2020-01-22,8680.88
2020-01-23,8406.52
2020-01-24,8445.43
2020-01-25,8367.85
2020-01-26,8596.83
2020-01-27,8909.82
2020-01-28,9358.59
2020-01-29,9316.63
2020-01-30,9508.99
2020-01-31,9350.53
2020-02-01,9392.88
2020-02-02,9344.37
2020-02-03,9293.52
2020-02-04,9180.96
2020-02-05,9613.42
2020-02-06,9729.80
2020-02-07,9795.94
2020-02-08,9865.12
2020-02-09,10116.67
2020-02-10,9856.61
2020-02-11,10208.24
2020-02-12,10326.05
2020-02-13,10214.38
2020-02-14,10312.12
2020-02-15,9889.42
2020-02-16,9934.43
2020-02-17,9690.14
2020-02-18,10142.00
2020-02-19,9633.39
2020-02-20,9608.48
2020-02-21,9686.44
2020-02-22,9663.18
2020-02-23,9924.52
2020-02-24,9650.17
2020-02-25,9341.71
2020-02-26,8820.52
2020-02-27,8784.49
2020-02-28,8672.46
2020-02-29,8599.51
2020-03-01,8562.45
2020-03-02,8869.67
2020-03-03,8787.79
2020-03-04,8755.25
2020-03-05,9078.76
2020-03-06,9122.55
2020-03-07,8909.95
2020-03-08,8108.12
2020-03-09,7923.64
2020-03-10,7909.73
2020-03-11,7911.43
2020-03-12,4970.79
2020-03-13,5563.71
2020-03-14,5200.37
2020-03-15,5392.31
2020-03-16,5014.48
2020-03-17,5225.63
2020-03-18,5238.44
2020-03-19,6191.19
2020-03-20,6198.78
2020-03-21,6185.07
2020-03-22,5830.25
2020-03-23,6416.31
2020-03-24,6734.80
2020-03-25,6681.06
2020-03-26,6716.44
2020-03-27,6469.80
2020-03-28,6242.19
2020-03-29,5922.04
2020-03-30,6429.84
2020-03-31,6438.64
2020-04-01,6606.78
2020-04-02,6793.62
2020-04-03,6733.39
2020-04-04,6867.53
2020-04-05,6791.13
2020-04-06,7271.78
2020-04-07,7176.41
2020-04-08,7334.10
2020-04-09,7302.09
2020-04-10,6865.49
2020-04-11,6859.08
2020-04-12,6971.09
2020-04-13,6845.04
2020-04-14,6842.43
2020-04-15,6642.11
2020-04-16,7116.80
2020-04-17,7096.18
2020-04-18,7257.67
2020-04-19,7189.42
2020-04-20,6881.96
2020-04-21,6880.32
2020-04-22,7117.21
2020-04-23,7429.72
2020-04-24,7550.90
2020-04-25,7569.94
2020-04-26,7679.87
2020-04-27,7795.60
2020-04-28,7807.06
2020-04-29,8801.04
2020-04-30,8658.55
2020-05-01,8864.77
2020-05-02,8988.60
2020-05-03,8897.47
2020-05-04,8912.65
2020-05-05,9003.07
2020-05-06,9268.76
2020-05-07,9951.52
2020-05-08,9842.67
2020-05-09,9593.90
2020-05-10,8756.43
2020-05-11,8601.80
2020-05-12,8804.48
2020-05-13,9269.99
2020-05-14,9733.72
2020-05-15,9328.20
2020-05-16,9377.01
2020-05-17,9670.74
2020-05-18,9726.58
2020-05-19,9729.04
2020-05-20,9522.98
2020-05-21,9081.76
2020-05-22,9182.58
2020-05-23,9209.29
2020-05-24,8790.37
2020-05-25,8906.93
2020-05-26,8835.05
2020-05-27,9181.02
2020-05-28,9525.75
2020-05-29,9439.12
2020-05-30,9700.41
2020-05-31,9461.06
2020-06-01,10167.27
2020-06-02,9529.80
2020-06-03,9656.72
2020-06-04,9800.64
2020-06-05,9665.53
2020-06-06,9653.68
2020-06-07,9758.85
2020-06-08,9771.49
2020-06-09,9795.70
2020-06-10,9870.09
2020-06-11,9321.78
2020-06-12,9480.84
2020-06-13,9475.28
2020-06-14,9386.79
2020-06-15,9450.70
2020-06-16,9538.02
2020-06-17,9480.25
2020-06-18,9411.84
2020-06-19,9288.02
2020-06-20,9332.34
2020-06-21,9303.63
2020-06-22,9648.72
2020-06-23,9629.66
2020-06-24,9313.61
2020-06-25,9264.81
2020-06-26,9162.92
2020-06-27,9045.39
2020-06-28,9143.58
2020-06-29,9190.85
2020-06-30,9137.99
2020-07-01,9228.33
2020-07-02,9123.41
2020-07-03,9087.30
2020-07-04,9132.49
2020-07-05,9073.94
2020-07-06,9375.47
2020-07-07,9252.28
2020-07-08,9428.33
2020-07-09,9277.97
2020-07-10,9278.81
2020-07-11,9240.35
2020-07-12,9276.50
2020-07-13,9243.61
2020-07-14,9243.21
2020-07-15,9192.84
2020-07-16,9132.23
2020-07-17,9151.39
2020-07-18,9159.04
2020-07-19,9185.82
2020-07-20,9164.23
2020-07-21,9374.89
2020-07-22,9525.36
2020-07-23,9581.07
2020-07-24,9536.89
2020-07-25,9677.11
2020-07-26,9905.17
2020-07-27,10990.87
2020-07-28,10912.82
2020-07-29,11100.47
2020-07-30,11111.21
2020-07-31,11323.47
2020-08-01,11759.59
2020-08-02,11053.61
2020-08-03,11246.35
2020-08-04,11205.89
2020-08-05,11747.02
2020-08-06,11779.77
2020-08-07,11601.47
2020-08-08,11754.05
2020-08-09,11675.74
2020-08-10,11878.11
2020-08-11,11410.53
2020-08-12,11584.93
2020-08-13,11784.14
2020-08-14,11768.87
2020-08-15,11865.70
2020-08-16,11892.80
2020-08-17,12254.40
2020-08-18,11991.23
2020-08-19,11758.28
2020-08-20,11878.37
2020-08-21,11592.49
2020-08-22,11681.83
2020-08-23,11664.85
2020-08-24,11774.60
2020-08-25,11366.13
2020-08-26,11488.36
2020-08-27,11323.40
2020-08-28,11542.50
2020-08-29,11506.87
2020-08-30,11711.51
2020-08-31,11680.82
2020-09-01,11970.48
2020-09-02,11414.03
2020-09-03,10245.30
2020-09-04,10511.81
2020-09-05,10169.57
2020-09-06,10280.35
2020-09-07,10369.56
2020-09-08,10131.52
2020-09-09,10242.35
2020-09-10,10363.14
2020-09-11,10400.92
2020-09-12,10442.17
2020-09-13,10323.76
2020-09-14,10680.84
2020-09-15,10796.95
2020-09-16,10974.91
2020-09-17,10948.99
2020-09-18,10944.59
2020-09-19,11094.35
2020-09-20,10938.27
2020-09-21,10462.26
2020-09-22,10538.46
2020-09-23,10246.19
2020-09-24,10760.07
2020-09-25,10692.72
2020-09-26,10750.72
2020-09-27,10775.27
2020-09-28,10709.65
2020-09-29,10844.64
2020-09-30,10784.49
2020-10-01,10619.45
2020-10-02,10575.97
2020-10-03,10549.33
2020-10-04,10669.58
2020-10-05,10793.34
2020-10-06,10604.41
2020-10-07,10668.97
2020-10-08,10915.69
2020-10-09,11064.46
2020-10-10,11296.36
2020-10-11,11384.18
2020-10-12,11555.36
2020-10-13,11425.90
2020-10-14,11429.51
2020-10-15,11495.35
2020-10-16,11322.12
2020-10-17,11358.10
2020-10-18,11483.36
2020-10-19,11742.04
2020-10-20,11916.33
2020-10-21,12823.69
2020-10-22,12965.89
2020-10-23,12931.54
2020-10-24,13108.06
2020-10-25,13031.17
2020-10-26,13075.25
2020-10-27,13654.22
2020-10-28,13271.29
2020-10-29,13437.88
2020-10-30,13546.52
2020-10-31,13781.00
2020-11-01,13737.11
2020-11-02,13550.49
2020-11-03,13950.30
2020-11-04,14133.71
2020-11-05,15579.85
2020-11-06,15565.88
2020-11-07,14833.75
2020-11-08,15479.57
2020-11-09,15332.32
2020-11-10,15290.90
2020-11-11,15701.34
2020-11-12,16276.34
2020-11-13,16317.81
2020-11-14,16068.14
2020-11-15,15955.59
2020-11-16,16716.11
2020-11-17,17645.41
2020-11-18,17804.01
2020-11-19,17817.09
2020-11-20,18621.31
2020-11-21,18642.23
2020-11-22,18370.00
2020-11-23,18364.12
2020-11-24,19107.46
2020-11-25,18732.12
2020-11-26,17150.62
2020-11-27,17108.40
2020-11-28,17717.41
2020-11-29,18177.48
2020-11-30,19625.84
2020-12-01,18803.00
2020-12-02,19201.09
2020-12-03,19445.40
2020-12-04,18699.77
2020-12-05,19154.23
2020-12-06,19345.12
2020-12-07,19191.63
2020-12-08,18321.14
2020-12-09,18553.92
2020-12-10,18264.99
2020-12-11,18058.90
2020-12-12,18803.66
2020-12-13,19142.38
2020-12-14,19246.64
2020-12-15,19417.08
2020-12-16,21310.60
2020-12-17,22805.16
2020-12-18,23137.96
2020-12-19,23869.83
2020-12-20,23477.29
2020-12-21,22803.08
2020-12-22,23783.03
2020-12-23,23241.35
2020-12-24,23735.95
2020-12-25,24664.79
2020-12-26,26437.04
2020-12-27,26272.29
2020-12-28,27084.81
2020-12-29,27362.44